x,r
-0.16613017,0.05060698
-0.16567502,0.05060698
-0.16521987,0.05060698
-0.16476472,0.05060698
-0.16430956,0.05060698
-0.16385441,0.05060698
-0.16339926,0.05060698
-0.16294411,0.05060698
-0.16248896,0.05060698
-0.16203381,0.05060698
-0.16157866,0.05060698
-0.16112351,0.05060698
-0.16066835,0.05060698
-0.16021320,0.05060698
-0.15975805,0.05060698
-0.15930290,0.05060698
-0.15884775,0.05060698
-0.15839260,0.05060698
-0.15793745,0.05060698
-0.15748230,0.05060698
-0.15702715,0.05060698
-0.15657199,0.05060698
-0.15611684,0.05060698
-0.15566169,0.05060698
-0.15520654,0.05060698
-0.15475139,0.05060698
-0.15429624,0.05060698
-0.15384109,0.05060698
-0.15338594,0.05060698
-0.15293079,0.05060698
-0.15247563,0.05060698
-0.15202048,0.05060698
-0.15156533,0.05060698
-0.15111018,0.05060698
-0.15065503,0.05060698
-0.15019988,0.05060698
-0.14974473,0.05060698
-0.14928958,0.05060698
-0.14883443,0.05060698
-0.14837927,0.05060698
-0.14792412,0.05060698
-0.14746897,0.05060698
-0.14701382,0.05060698
-0.14655867,0.05060698
-0.14610352,0.05060698
-0.14564837,0.05060698
-0.14519322,0.05060698
-0.14473806,0.05060698
-0.14428291,0.05060698
-0.14382776,0.05060698
-0.14337261,0.05060698
-0.14291746,0.05060698
-0.14246231,0.05060698
-0.14200716,0.05060698
-0.14155201,0.05060698
-0.14109686,0.05060698
-0.14064170,0.05060698
-0.14018655,0.05060698
-0.13973140,0.05060698
-0.13927625,0.05060698
-0.13882110,0.05060698
-0.13836595,0.05060698
-0.13791080,0.05060698
-0.13745565,0.05060698
-0.13700050,0.05060698
-0.13654534,0.05060698
-0.13609019,0.05060698
-0.13563504,0.05060698
-0.13517989,0.05060698
-0.13472474,0.05060698
-0.13426959,0.05060698
-0.13381444,0.05060698
-0.13335929,0.05060698
-0.13290413,0.05060698
-0.13244898,0.05060698
-0.13199383,0.05060698
-0.13153868,0.05060698
-0.13108353,0.05060698
-0.13062838,0.05060698
-0.13017323,0.05060698
-0.12971808,0.05060698
-0.12926293,0.05060698
-0.12880777,0.05060698
-0.12835262,0.05060698
-0.12789747,0.05060698
-0.12744232,0.05060698
-0.12698717,0.05060698
-0.12653202,0.05060698
-0.12607687,0.05060698
-0.12562172,0.05060698
-0.12516657,0.05060698
-0.12471141,0.05060698
-0.12425626,0.05060698
-0.12380111,0.05060698
-0.12334596,0.05060698
-0.12289081,0.05060698
-0.12243566,0.05060698
-0.12198051,0.05060698
-0.12152536,0.05060698
-0.12107021,0.05060698
-0.12061505,0.05060698
-0.12015990,0.05060698
-0.11970475,0.05060698
-0.11924960,0.05060698
-0.11879445,0.05060698
-0.11833930,0.05060698
-0.11788415,0.05060698
-0.11742900,0.05060698
-0.11697384,0.05060698
-0.11651869,0.05060698
-0.11606354,0.05060698
-0.11560839,0.05060698
-0.11515324,0.05060698
-0.11469809,0.05060698
-0.11424294,0.05060698
-0.11378779,0.05060698
-0.11333264,0.05060698
-0.11287748,0.05060698
-0.11242233,0.05060698
-0.11196718,0.05060698
-0.11151203,0.05060698
-0.11105688,0.05060698
-0.11060173,0.05060698
-0.11014658,0.05060698
-0.10969143,0.05060698
-0.10923628,0.05060698
-0.10878112,0.05060698
-0.10832597,0.05060698
-0.10787082,0.05060698
-0.10741567,0.05060698
-0.10696052,0.05060698
-0.10650537,0.05060698
-0.10605022,0.05060698
-0.10559507,0.05060698
-0.10513991,0.05060698
-0.10468476,0.05060698
-0.10422961,0.05060698
-0.10377446,0.05060698
-0.10331931,0.05060698
-0.10286416,0.05060698
-0.10240901,0.05060698
-0.10195386,0.05060698
-0.10149871,0.05060698
-0.10104355,0.05060698
-0.10058840,0.05060698
-0.10013325,0.05060698
-0.09967810,0.05060698
-0.09922295,0.05060698
-0.09876780,0.05060698
-0.09831265,0.05060698
-0.09785750,0.05060698
-0.09740235,0.05060698
-0.09694719,0.05060698
-0.09649204,0.05060698
-0.09603689,0.05060698
-0.09558174,0.05060698
-0.09512659,0.05060698
-0.09467144,0.05060698
-0.09421629,0.05060698
-0.09376114,0.05060698
-0.09330599,0.05060698
-0.09285083,0.05060698
-0.09239568,0.05060698
-0.09194053,0.05060698
-0.09148538,0.05060698
-0.09103023,0.05060698
-0.09057508,0.05060698
-0.09011993,0.05060698
-0.08966478,0.05060698
-0.08920962,0.05060698
-0.08875447,0.05060698
-0.08829932,0.05060698
-0.08784417,0.05060698
-0.08738902,0.05060698
-0.08693387,0.05060698
-0.08647872,0.05060698
-0.08602357,0.05060698
-0.08556842,0.05060698
-0.08511326,0.05060698
-0.08465811,0.05060698
-0.08420296,0.05060698
-0.08374781,0.05060698
-0.08329266,0.05060698
-0.08283751,0.05060698
-0.08238236,0.05060698
-0.08192721,0.05060698
-0.08147206,0.05060698
-0.08101690,0.05060526
-0.08056175,0.05060206
-0.08010660,0.05059664
-0.07965145,0.05058826
-0.07919630,0.05057832
-0.07874115,0.05056568
-0.07828600,0.05055055
-0.07783085,0.05053386
-0.07737569,0.05051398
-0.07692054,0.05049210
-0.07646539,0.05046861
-0.07601024,0.05044152
-0.07555509,0.05041286
-0.07509994,0.05038212
-0.07464479,0.05034824
-0.07418964,0.05031277
-0.07373449,0.05027477
-0.07327933,0.05023407
-0.07282418,0.05019177
-0.07236903,0.05014649
-0.07191388,0.05009894
-0.07145873,0.05004977
-0.07100358,0.04999718
-0.07054843,0.04994273
-0.07009328,0.04988647
-0.06963813,0.04982673
-0.06918297,0.04976533
-0.06872782,0.04970173
-0.06827267,0.04963501
-0.06781752,0.04956662
-0.06736237,0.04949564
-0.06690722,0.04942189
-0.06645207,0.04934645
-0.06599692,0.04926805
-0.06554177,0.04918720
-0.06508661,0.04910464
-0.06463146,0.04901878
-0.06417631,0.04893076
-0.06372116,0.04884101
-0.06326601,0.04874766
-0.06281086,0.04865239
-0.06235571,0.04855527
-0.06190056,0.04845446
-0.06144540,0.04835187
-0.06099025,0.04824717
-0.06053510,0.04813897
-0.06007995,0.04802895
-0.05962480,0.04791662
-0.05916965,0.04780094
-0.05871450,0.04768340
-0.05825935,0.04756337
-0.05780420,0.04744009
-0.05734904,0.04731492
-0.05689389,0.04718714
-0.05643874,0.04705616
-0.05598359,0.04692323
-0.05552844,0.04678763
-0.05507329,0.04664881
-0.05461814,0.04650801
-0.05416299,0.04636450
-0.05370784,0.04621772
-0.05325268,0.04606891
-0.05279753,0.04591742
-0.05234238,0.04576253
-0.05188723,0.04560556
-0.05143208,0.04544601
-0.05097693,0.04528286
-0.05052178,0.04511756
-0.05006663,0.04494985
-0.04961148,0.04477828
-0.04915632,0.04460450
-0.04870117,0.04442849
-0.04824602,0.04424836
-0.04779087,0.04406591
-0.04733572,0.04388116
-0.04688057,0.04369263
-0.04642542,0.04350132
-0.04597027,0.04330763
-0.04551511,0.04311059
-0.04505996,0.04291020
-0.04460481,0.04270737
-0.04414966,0.04250168
-0.04369451,0.04229201
-0.04323936,0.04207980
-0.04278421,0.04186502
-0.04232906,0.04164615
-0.04187391,0.04142432
-0.04141875,0.04119983
-0.04096360,0.04097199
-0.04050845,0.04074028
-0.04005330,0.04050581
-0.03959815,0.04026855
-0.03914300,0.04002700
-0.03868785,0.03978226
-0.03823270,0.03953462
-0.03777755,0.03928374
-0.03732239,0.03902843
-0.03686724,0.03877010
-0.03641209,0.03850870
-0.03595694,0.03824351
-0.03550179,0.03797415
-0.03504664,0.03770159
-0.03459149,0.03742580
-0.03413634,0.03714589
-0.03368118,0.03686180
-0.03322603,0.03657433
-0.03277088,0.03628343
-0.03231573,0.03598836
-0.03186058,0.03568881
-0.03140543,0.03538566
-0.03095028,0.03507885
-0.03049513,0.03476816
-0.03003998,0.03445231
-0.02958482,0.03413263
-0.02912967,0.03380905
-0.02867452,0.03348150
-0.02821937,0.03314916
-0.02776422,0.03281201
-0.02730907,0.03247069
-0.02685392,0.03212512
-0.02639877,0.03177522
-0.02594362,0.03142020
-0.02548846,0.03106006
-0.02503331,0.03069535
-0.02457816,0.03032600
-0.02412301,0.02995190
-0.02366786,0.02957297
-0.02321271,0.02918797
-0.02275756,0.02879787
-0.02230241,0.02840266
-0.02184726,0.02800222
-0.02139210,0.02759645
-0.02093695,0.02718523
-0.02048180,0.02676816
-0.02002665,0.02634468
-0.01957150,0.02591541
-0.01911635,0.02548021
-0.01866120,0.02503896
-0.01820605,0.02459151
-0.01775089,0.02413996
-0.01729574,0.02370307
-0.01684059,0.02328719
-0.01638544,0.02289096
-0.01593029,0.02251321
-0.01547514,0.02215287
-0.01501999,0.02180921
-0.01456484,0.02148134
-0.01410969,0.02116835
-0.01365453,0.02086955
-0.01319938,0.02058459
-0.01274423,0.02031291
-0.01228908,0.02005366
-0.01183393,0.01980698
-0.01137878,0.01957197
-0.01092363,0.01934852
-0.01046848,0.01913620
-0.01001333,0.01893476
-0.00955817,0.01874382
-0.00910302,0.01856333
-0.00864787,0.01839267
-0.00819272,0.01823222
-0.00773757,0.01808118
-0.00728242,0.01793973
-0.00682727,0.01780765
-0.00637212,0.01768454
-0.00591696,0.01757068
-0.00546181,0.01746570
-0.00500666,0.01736934
-0.00455151,0.01728184
-0.00409636,0.01720297
-0.00364121,0.01713248
-0.00318606,0.01707044
-0.00273091,0.01701698
-0.00227576,0.01697172
-0.00182060,0.01693463
-0.00136545,0.01690599
-0.00091030,0.01688557
-0.00045515,0.01687324
0.00000000,0.01686899
0.00045515,0.01688510
0.00091030,0.01693362
0.00136545,0.01701533
0.00182060,0.01713154
0.00227576,0.01728423
0.00273091,0.01747153
0.00318606,0.01766439
0.00364121,0.01785657
0.00409636,0.01804838
0.00455151,0.01823982
0.00500666,0.01843062
0.00546181,0.01862100
0.00591696,0.01881100
0.00637212,0.01900041
0.00682727,0.01918932
0.00728242,0.01937786
0.00773757,0.01956586
0.00819272,0.01975330
0.00864787,0.01994034
0.00910302,0.02012692
0.00955817,0.02031285
0.01001333,0.02049837
0.01046848,0.02068349
0.01092363,0.02086792
0.01137878,0.02105190
0.01183393,0.02123547
0.01228908,0.02141845
0.01274423,0.02160086
0.01319938,0.02178284
0.01365453,0.02196435
0.01410969,0.02214517
0.01456484,0.02232554
0.01501999,0.02250548
0.01547514,0.02268476
0.01593029,0.02286350
0.01638544,0.02304179
0.01684059,0.02321957
0.01729574,0.02339665
0.01775089,0.02357327
0.01820605,0.02374942
0.01866120,0.02392491
0.01911635,0.02409983
0.01957150,0.02427426
0.02002665,0.02444822
0.02048180,0.02462140
0.02093695,0.02479409
0.02139210,0.02496629
0.02184726,0.02513790
0.02230241,0.02530882
0.02275756,0.02547923
0.02321271,0.02564914
0.02366786,0.02581837
0.02412301,0.02598696
0.02457816,0.02615504
0.02503331,0.02632259
0.02548846,0.02648941
0.02594362,0.02665562
0.02639877,0.02682130
0.02685392,0.02698643
0.02730907,0.02715079
0.02776422,0.02731456
0.02821937,0.02747777
0.02867452,0.02764043
0.02912967,0.02780230
0.02958482,0.02796355
0.03003998,0.02812424
0.03049513,0.02828435
0.03095028,0.02844368
0.03140543,0.02860236
0.03186058,0.02876045
0.03231573,0.02891794
0.03277088,0.02907471
0.03322603,0.02923074
0.03368118,0.02938616
0.03413634,0.02954097
0.03459149,0.02969511
0.03504664,0.02984842
0.03550179,0.03000111
0.03595694,0.03015316
0.03641209,0.03030457
0.03686724,0.03045516
0.03732239,0.03060503
0.03777755,0.03075425
0.03823270,0.03090281
0.03868785,0.03105068
0.03914300,0.03119766
0.03959815,0.03134396
0.04005330,0.03148959
0.04050845,0.03163452
0.04096360,0.03177870
0.04141875,0.03192201
0.04187391,0.03206462
0.04232906,0.03220652
0.04278421,0.03234770
0.04323936,0.03248810
0.04369451,0.03262761
0.04414966,0.03276638
0.04460481,0.03290441
0.04505996,0.03304170
0.04551511,0.03317824
0.04597027,0.03331380
0.04642542,0.03344860
0.04688057,0.03358262
0.04733572,0.03371587
0.04779087,0.03384833
0.04824602,0.03397992
0.04870117,0.03411059
0.04915632,0.03424045
0.04961148,0.03436951
0.05006663,0.03449774
0.05052178,0.03462515
0.05097693,0.03475164
0.05143208,0.03487718
0.05188723,0.03500188
0.05234238,0.03512573
0.05279753,0.03524871
0.05325268,0.03537083
0.05370784,0.03549206
0.05416299,0.03561224
0.05461814,0.03573152
0.05507329,0.03584991
0.05552844,0.03596739
0.05598359,0.03608395
0.05643874,0.03619959
0.05689389,0.03631431
0.05734904,0.03642792
0.05780420,0.03654058
0.05825935,0.03665228
0.05871450,0.03676302
0.05916965,0.03687279
0.05962480,0.03698157
0.06007995,0.03708936
0.06053510,0.03719616
0.06099025,0.03730182
0.06144540,0.03731303
